Workbook

Sheet Price Data
A1: Date | B1: Reliance | C1: TCS | D1: Infosys | E1: ICICI | F1: ITC
A2: 44564 | B2: 1091.18 | C2: 3817.75 | D2: 764.7 | E2: 1898.45 | F2: 219.1
A3: 44565 | B3: 1115.8 | C3: 3884.75 | D3: 772.85 | E3: 1899.15 | F3: 220.25
A4: 44566 | B4: 1121.02 | C4: 3860.95 | D4: 788.05 | E4: 1844.65 | F4: 220.55
A5: 44567 | B5: 1096.92 | C5: 3807.45 | D5: 785.05 | E5: 1817.8 | F5: 218.7
A6: 44568 | B6: 1105.77 | C6: 3853.5 | D6: 793.25 | E6: 1814.3 | F6: 218.4
A7: 44571 | B7: 1106.68 | C7: 3879.85 | D7: 810.75 | E7: 1850.75 | F7: 223.3
A8: 44572 | B8: 1114.65 | C8: 3915.9 | D8: 810.65 | E8: 1855.6 | F8: 221.95
A9: 44573 | B9: 1144.4 | C9: 3859.9 | D9: 823.75 | E9: 1877.45 | F9: 222.75
A10: 44574 | B10: 1150.85 | C10: 3897.9 | D10: 824.7 | E10: 1896.8 | F10: 223.95
A11: 44575 | B11: 1152.53 | C11: 3968.15 | D11: 820 | E11: 1929.35 | F11: 222.6
A12: 44578 | B12: 1158.54 | C12: 4019.15 | D12: 819.3 | E12: 1939.5 | F12: 224.6
A13: 44579 | B13: 1144.72 | C13: 3990.6 | D13: 823.1 | E13: 1920.75 | F13: 220.75
... A744: 45657 | B744: 1215.45 | C744: 4094.8 | D744: 1281.65 | E744: 1880 | F744: 457.54

Sheet Log Returns
A1: Date | B1: Reliance | C1: TCS | D1: Infosys | E1: ICICI | F1: ITC
A2: 44565 | B2: =LN('Price Data'!B3/'Price Data'!B2) -> 0.022311957 | C2: =LN('Price Data'!C3/'Price Data'!C2) -> 0.017397388 | D2: =LN('Price Data'!D3/'Price Data'!D2) -> 0.010601381 | E2: =LN('Price Data'!E3/'Price Data'!E2) -> 0.00036865389 | F2: =LN('Price Data'!F3/'Price Data'!F2) -> 0.0052350182
A3: 44566 | B3: =LN('Price Data'!B4/'Price Data'!B3) -> 0.0046673487 | C3: =LN('Price Data'!C4/'Price Data'!C3) -> -0.0061453645 | D3: =LN('Price Data'!D4/'Price Data'!D3) -> 0.019476559 | E3: =LN('Price Data'!E4/'Price Data'!E3) -> -0.02911686 | F3: =LN('Price Data'!F4/'Price Data'!F3) -> 0.0013611617
A4: 44567 | B4: =LN('Price Data'!B5/'Price Data'!B4) -> -0.021732733 | C4: =LN('Price Data'!C5/'Price Data'!C4) -> -0.013953593 | D4: =LN('Price Data'!D5/'Price Data'!D4) -> -0.0038141296 | E4: =LN('Price Data'!E5/'Price Data'!E4) -> -0.014662579 | F4: =LN('Price Data'!F5/'Price Data'!F4) -> -0.0084234989
A5: 44568 | B5: =LN('Price Data'!B6/'Price Data'!B5) -> 0.0080356724 | C5: =LN('Price Data'!C6/'Price Data'!C5) -> 0.012022153 | D5: =LN('Price Data'!D6/'Price Data'!D5) -> 0.01039102 | E5: =LN('Price Data'!E6/'Price Data'!E5) -> -0.0019272603 | F5: =LN('Price Data'!F6/'Price Data'!F5) -> -0.0013726838
A6: 44571 | B6: =LN('Price Data'!B7/'Price Data'!B6) -> 0.00082261751 | C6: =LN('Price Data'!C7/'Price Data'!C6) -> 0.0068146669 | D6: =LN('Price Data'!D7/'Price Data'!D6) -> 0.021821315 | E6: =LN('Price Data'!E7/'Price Data'!E6) -> 0.019891244 | F6: =LN('Price Data'!F7/'Price Data'!F6) -> 0.022187915
A7: 44572 | B7: =LN('Price Data'!B8/'Price Data'!B7) -> 0.0071759119 | C7: =LN('Price Data'!C8/'Price Data'!C7) -> 0.009248695 | D7: =LN('Price Data'!D8/'Price Data'!D7) -> -0.00012335019 | E7: =LN('Price Data'!E8/'Price Data'!E7) -> 0.0026171316 | F7: =LN('Price Data'!F8/'Price Data'!F7) -> -0.0060640276
A8: 44573 | B8: =LN('Price Data'!B9/'Price Data'!B8) -> 0.026340028 | C8: =LN('Price Data'!C9/'Price Data'!C8) -> -0.014403912 | D8: =LN('Price Data'!D9/'Price Data'!D8) -> 0.016030691 | E8: =LN('Price Data'!E9/'Price Data'!E8) -> 0.011706379 | F8: =LN('Price Data'!F9/'Price Data'!F8) -> 0.0035979351
A9: 44574 | B9: =LN('Price Data'!B10/'Price Data'!B9) -> 0.0056203176 | C9: =LN('Price Data'!C10/'Price Data'!C9) -> 0.0097966702 | D9: =LN('Price Data'!D10/'Price Data'!D9) -> 0.001152598 | E9: =LN('Price Data'!E10/'Price Data'!E9) -> 0.010253783 | F9: =LN('Price Data'!F10/'Price Data'!F9) -> 0.0053727463
A10: 44575 | B10: =LN('Price Data'!B11/'Price Data'!B10) -> 0.0014587261 | C10: =LN('Price Data'!C11/'Price Data'!C10) -> 0.017862045 | D10: =LN('Price Data'!D11/'Price Data'!D10) -> -0.0057153436 | E10: =LN('Price Data'!E11/'Price Data'!E10) -> 0.017014903 | F10: =LN('Price Data'!F11/'Price Data'!F10) -> -0.0060463738
A11: 44578 | B11: =LN('Price Data'!B12/'Price Data'!B11) -> 0.0052010658 | C11: =LN('Price Data'!C12/'Price Data'!C11) -> 0.012770446 | D11: =LN('Price Data'!D12/'Price Data'!D11) -> -0.00085402311 | E11: =LN('Price Data'!E12/'Price Data'!E11) -> 0.0052470493 | F11: =LN('Price Data'!F12/'Price Data'!F11) -> 0.0089446035
A12: 44579 | B12: =LN('Price Data'!B13/'Price Data'!B12) -> -0.012000526 | C12: =LN('Price Data'!C13/'Price Data'!C12) -> -0.007128842 | D12: =LN('Price Data'!D13/'Price Data'!D12) -> 0.0046273828 | E12: =LN('Price Data'!E13/'Price Data'!E12) -> -0.0097144731 | F12: =LN('Price Data'!F13/'Price Data'!F12) -> -0.017290203
A13: 44580 | B13: =LN('Price Data'!B14/'Price Data'!B13) -> -7.8624937e-05 | C13: =LN('Price Data'!C14/'Price Data'!C13) -> -0.01921567 | D13: =LN('Price Data'!D14/'Price Data'!D13) -> -0.017773343 | E13: =LN('Price Data'!E14/'Price Data'!E13) -> -0.02835609 | F13: =LN('Price Data'!F14/'Price Data'!F13) -> -0.0018136482
... A743: 45657 | B743: =LN('Price Data'!B744/'Price Data'!B743) -> 0.0039156739 | C743: =LN('Price Data'!C744/'Price Data'!C743) -> -0.015508695 | D743: =LN('Price Data'!D744/'Price Data'!D743) -> -0.010092078 | E743: =LN('Price Data'!E744/'Price Data'!E743) -> -0.013735028 | F743: =LN('Price Data'!F744/'Price Data'!F743) -> 0.013842803

Sheet VaR Model
A1: STOCK | B1: WEIGHT | C1: DATES | D1: Portfolio Return | F1: VaR Statistics
A2: Reliance | B2: 0.2 | C2: ='Log Returns'!A2 -> 44565 | D2: =('Log Returns'!B2*$B$2)+('Log Returns'!C2*$B$3)+('Log Returns'!D2*$B$4)+('Log Returns'!E2*$B$5)+('Log Returns'!F2*$B$6) -> 0.011182879 | F2: 99% VaR (Daily) | G2: =PERCENTILE(D2:D743,0.01) -> -0.024458932
A3: TCS | B3: 0.2 | C3: ='Log Returns'!A3 -> 44566 | D3: =('Log Returns'!B3*$B$2)+('Log Returns'!C3*$B$3)+('Log Returns'!D3*$B$4)+('Log Returns'!E3*$B$5)+('Log Returns'!F3*$B$6) -> -0.001951431 | F3: Var in % | G3: =G2 -> -0.024458932
A4: Infosys | B4: 0.2 | C4: ='Log Returns'!A4 -> 44567 | D4: =('Log Returns'!B4*$B$2)+('Log Returns'!C4*$B$3)+('Log Returns'!D4*$B$4)+('Log Returns'!E4*$B$5)+('Log Returns'!F4*$B$6) -> -0.012517307 | F4: Portfolio Value | G4: 1000000
A5: ICICI | B5: 0.2 | C5: ='Log Returns'!A5 -> 44568 | D5: =('Log Returns'!B5*$B$2)+('Log Returns'!C5*$B$3)+('Log Returns'!D5*$B$4)+('Log Returns'!E5*$B$5)+('Log Returns'!F5*$B$6) -> 0.0054297802 | F5: Var in ₹ | G5: =G4*G2 -> -24458.932
A6: ITC | B6: 0.2 | C6: ='Log Returns'!A6 -> 44571 | D6: =('Log Returns'!B6*$B$2)+('Log Returns'!C6*$B$3)+('Log Returns'!D6*$B$4)+('Log Returns'!E6*$B$5)+('Log Returns'!F6*$B$6) -> 0.014307552
A7: Total: | B7: =SUM(B2:B6) -> 1 | C7: ='Log Returns'!A7 -> 44572 | D7: =('Log Returns'!B7*$B$2)+('Log Returns'!C7*$B$3)+('Log Returns'!D7*$B$4)+('Log Returns'!E7*$B$5)+('Log Returns'!F7*$B$6) -> 0.0025708721 | F7: 95% Var (Daily) | G7: =PERCENTILE(D3:D744,0.05) -> -0.014353066
C8: ='Log Returns'!A8 -> 44573 | D8: =('Log Returns'!B8*$B$2)+('Log Returns'!C8*$B$3)+('Log Returns'!D8*$B$4)+('Log Returns'!E8*$B$5)+('Log Returns'!F8*$B$6) -> 0.0086542243 | F8: Var in % | G8: =G7 -> -0.014353066
C9: ='Log Returns'!A9 -> 44574 | D9: =('Log Returns'!B9*$B$2)+('Log Returns'!C9*$B$3)+('Log Returns'!D9*$B$4)+('Log Returns'!E9*$B$5)+('Log Returns'!F9*$B$6) -> 0.0064392229 | F9: Portfolio Value | G9: =G4 -> 1000000
C10: ='Log Returns'!A10 -> 44575 | D10: =('Log Returns'!B10*$B$2)+('Log Returns'!C10*$B$3)+('Log Returns'!D10*$B$4)+('Log Returns'!E10*$B$5)+('Log Returns'!F10*$B$6) -> 0.0049147912 | F10: Var in ₹ | G10: =G9*G7 -> -14353.066
C11: ='Log Returns'!A11 -> 44578 | D11: =('Log Returns'!B11*$B$2)+('Log Returns'!C11*$B$3)+('Log Returns'!D11*$B$4)+('Log Returns'!E11*$B$5)+('Log Returns'!F11*$B$6) -> 0.0062618284
C12: ='Log Returns'!A12 -> 44579 | D12: =('Log Returns'!B12*$B$2)+('Log Returns'!C12*$B$3)+('Log Returns'!D12*$B$4)+('Log Returns'!E12*$B$5)+('Log Returns'!F12*$B$6) -> -0.0083013322 | F12: Variance Co-Variance Var
C13: ='Log Returns'!A13 -> 44580 | D13: =('Log Returns'!B13*$B$2)+('Log Returns'!C13*$B$3)+('Log Returns'!D13*$B$4)+('Log Returns'!E13*$B$5)+('Log Returns'!F13*$B$6) -> -0.013447475 | F13: Mean (Daily Return) | G13: =AVERAGE(D2:D743) -> 0.00038299229
C14: ='Log Returns'!A14 -> 44581 | D14: =('Log Returns'!B14*$B$2)+('Log Returns'!C14*$B$3)+('Log Returns'!D14*$B$4)+('Log Returns'!E14*$B$5)+('Log Returns'!F14*$B$6) -> -0.01383333 | F14: Std. Deviation | G14: =STDEV(D2:D743) -> 0.009402027
C15: ='Log Returns'!A15 -> 44582 | D15: =('Log Returns'!B15*$B$2)+('Log Returns'!C15*$B$3)+('Log Returns'!D15*$B$4)+('Log Returns'!E15*$B$5)+('Log Returns'!F15*$B$6) -> -0.0068011825
C16: ='Log Returns'!A16 -> 44585 | D16: =('Log Returns'!B16*$B$2)+('Log Returns'!C16*$B$3)+('Log Returns'!D16*$B$4)+('Log Returns'!E16*$B$5)+('Log Returns'!F16*$B$6) -> -0.023463704 | F16: 99% Var Daily | G16: =G13-(2.326*G14) -> -0.021486123
C17: ='Log Returns'!A17 -> 44586 | D17: =('Log Returns'!B17*$B$2)+('Log Returns'!C17*$B$3)+('Log Returns'!D17*$B$4)+('Log Returns'!E17*$B$5)+('Log Returns'!F17*$B$6) -> 0.00098442817 | F17: Var in % | G17: =G16 -> -0.021486123
C18: ='Log Returns'!A18 -> 44588 | D18: =('Log Returns'!B18*$B$2)+('Log Returns'!C18*$B$3)+('Log Returns'!D18*$B$4)+('Log Returns'!E18*$B$5)+('Log Returns'!F18*$B$6) -> -0.016087481 | F18: Portfolio Value | G18: =G4 -> 1000000
C19: ='Log Returns'!A19 -> 44589 | D19: =('Log Returns'!B19*$B$2)+('Log Returns'!C19*$B$3)+('Log Returns'!D19*$B$4)+('Log Returns'!E19*$B$5)+('Log Returns'!F19*$B$6) -> 0.0022844592 | F19: Var in ₹ | G19: =G18*G17 -> -21486.123
C20: ='Log Returns'!A20 -> 44592 | D20: =('Log Returns'!B20*$B$2)+('Log Returns'!C20*$B$3)+('Log Returns'!D20*$B$4)+('Log Returns'!E20*$B$5)+('Log Returns'!F20*$B$6) -> 0.016956772
C21: ='Log Returns'!A21 -> 44593 | D21: =('Log Returns'!B21*$B$2)+('Log Returns'!C21*$B$3)+('Log Returns'!D21*$B$4)+('Log Returns'!E21*$B$5)+('Log Returns'!F21*$B$6) -> 0.018962536 | F21: 95% Var (Daily) | G21: =G13-(1.64*G14) -> -0.015036332
C22: ='Log Returns'!A22 -> 44594 | D22: =('Log Returns'!B22*$B$2)+('Log Returns'!C22*$B$3)+('Log Returns'!D22*$B$4)+('Log Returns'!E22*$B$5)+('Log Returns'!F22*$B$6) -> 0.0096773006 | F22: Var in % | G22: =G21 -> -0.015036332
C23: ='Log Returns'!A23 -> 44595 | D23: =('Log Returns'!B23*$B$2)+('Log Returns'!C23*$B$3)+('Log Returns'!D23*$B$4)+('Log Returns'!E23*$B$5)+('Log Returns'!F23*$B$6) -> -0.0089667534 | F23: Portfolio Value | G23: =G18 -> 1000000
C24: ='Log Returns'!A24 -> 44596 | D24: =('Log Returns'!B24*$B$2)+('Log Returns'!C24*$B$3)+('Log Returns'!D24*$B$4)+('Log Returns'!E24*$B$5)+('Log Returns'!F24*$B$6) -> -0.0031397812 | F24: Var in ₹ | G24: =G23*G22 -> -15036.332
C25: ='Log Returns'!A25 -> 44599 | D25: =('Log Returns'!B25*$B$2)+('Log Returns'!C25*$B$3)+('Log Returns'!D25*$B$4)+('Log Returns'!E25*$B$5)+('Log Returns'!F25*$B$6) -> -0.014353066
C26: ='Log Returns'!A26 -> 44600 | D26: =('Log Returns'!B26*$B$2)+('Log Returns'!C26*$B$3)+('Log Returns'!D26*$B$4)+('Log Returns'!E26*$B$5)+('Log Returns'!F26*$B$6) -> 0.004167163
C27: ='Log Returns'!A27 -> 44601 | D27: =('Log Returns'!B27*$B$2)+('Log Returns'!C27*$B$3)+('Log Returns'!D27*$B$4)+('Log Returns'!E27*$B$5)+('Log Returns'!F27*$B$6) -> 0.0071729306
C28: ='Log Returns'!A28 -> 44602 | D28: =('Log Returns'!B28*$B$2)+('Log Returns'!C28*$B$3)+('Log Returns'!D28*$B$4)+('Log Returns'!E28*$B$5)+('Log Returns'!F28*$B$6) -> 0.0064876384
C29: ='Log Returns'!A29 -> 44603 | D29: =('Log Returns'!B29*$B$2)+('Log Returns'!C29*$B$3)+('Log Returns'!D29*$B$4)+('Log Returns'!E29*$B$5)+('Log Returns'!F29*$B$6) -> -0.013471386
C30: ='Log Returns'!A30 -> 44606 | D30: =('Log Returns'!B30*$B$2)+('Log Returns'!C30*$B$3)+('Log Returns'!D30*$B$4)+('Log Returns'!E30*$B$5)+('Log Returns'!F30*$B$6) -> -0.026843244
C31: ='Log Returns'!A31 -> 44607 | D31: =('Log Returns'!B31*$B$2)+('Log Returns'!C31*$B$3)+('Log Returns'!D31*$B$4)+('Log Returns'!E31*$B$5)+('Log Returns'!F31*$B$6) -> 0.026738923
C32: ='Log Returns'!A32 -> 44608 | D32: =('Log Returns'!B32*$B$2)+('Log Returns'!C32*$B$3)+('Log Returns'!D32*$B$4)+('Log Returns'!E32*$B$5)+('Log Returns'!F32*$B$6) -> -0.004571868
C33: ='Log Returns'!A33 -> 44609 | D33: =('Log Returns'!B33*$B$2)+('Log Returns'!C33*$B$3)+('Log Returns'!D33*$B$4)+('Log Returns'!E33*$B$5)+('Log Returns'!F33*$B$6) -> -0.0036965868
C34: ='Log Returns'!A34 -> 44610 | D34: =('Log Returns'!B34*$B$2)+('Log Returns'!C34*$B$3)+('Log Returns'!D34*$B$4)+('Log Returns'!E34*$B$5)+('Log Returns'!F34*$B$6) -> -0.0041997475
C35: ='Log Returns'!A35 -> 44613 | D35: =('Log Returns'!B35*$B$2)+('Log Returns'!C35*$B$3)+('Log Returns'!D35*$B$4)+('Log Returns'!E35*$B$5)+('Log Returns'!F35*$B$6) -> -0.0053036751
C36: ='Log Returns'!A36 -> 44614 | D36: =('Log Returns'!B36*$B$2)+('Log Returns'!C36*$B$3)+('Log Returns'!D36*$B$4)+('Log Returns'!E36*$B$5)+('Log Returns'!F36*$B$6) -> -0.01151996
... C743: ='Log Returns'!A743 -> 45657 | D743: =('Log Returns'!B743*$B$2)+('Log Returns'!C743*$B$3)+('Log Returns'!D743*$B$4)+('Log Returns'!E743*$B$5)+('Log Returns'!F743*$B$6) -> -0.0043154649

Sheet Backtesting
A1: Date | B1: Portfolio Return | C1: 99% VaR | D1: VaR Breach | E1: 95%VaR | F1: VaR Breach | H1: Backtesting Summary
A2: ='VaR Model'!C2 -> 44565 | B2: ='VaR Model'!D2 -> 0.011182879 | C2: ='VaR Model'!$G$16 -> -0.021486123 | D2: =IF(B2<C2,1,0) -> 0 | E2: ='VaR Model'!$G$21 -> -0.015036332 | F2: =IF(B2<E2,1,0) -> 0 | H2: Total Trading Days | I2: =COUNT(A2:A743) -> 742
A3: ='VaR Model'!C3 -> 44566 | B3: ='VaR Model'!D3 -> -0.001951431 | C3: ='VaR Model'!$G$16 -> -0.021486123 | D3: =IF(B3<C3,1,0) -> 0 | E3: ='VaR Model'!$G$21 -> -0.015036332 | F3: =IF(B3<E3,1,0) -> 0
A4: ='VaR Model'!C4 -> 44567 | B4: ='VaR Model'!D4 -> -0.012517307 | C4: ='VaR Model'!$G$16 -> -0.021486123 | D4: =IF(B4<C4,1,0) -> 0 | E4: ='VaR Model'!$G$21 -> -0.015036332 | F4: =IF(B4<E4,1,0) -> 0 | H4: 99% VaR Breaches | I4: =D745 -> 10
A5: ='VaR Model'!C5 -> 44568 | B5: ='VaR Model'!D5 -> 0.0054297802 | C5: ='VaR Model'!$G$16 -> -0.021486123 | D5: =IF(B5<C5,1,0) -> 0 | E5: ='VaR Model'!$G$21 -> -0.015036332 | F5: =IF(B5<E5,1,0) -> 0 | H5: Expected Breaches | I5: =ROUND(COUNTA(A2:A743)*0.01,0) -> 7
A6: ='VaR Model'!C6 -> 44571 | B6: ='VaR Model'!D6 -> 0.014307552 | C6: ='VaR Model'!$G$16 -> -0.021486123 | D6: =IF(B6<C6,1,0) -> 0 | E6: ='VaR Model'!$G$21 -> -0.015036332 | F6: =IF(B6<E6,1,0) -> 0 | H6: Breach Rate (99%) | I6: =I4/I2 -> 0.013477089
A7: ='VaR Model'!C7 -> 44572 | B7: ='VaR Model'!D7 -> 0.0025708721 | C7: ='VaR Model'!$G$16 -> -0.021486123 | D7: =IF(B7<C7,1,0) -> 0 | E7: ='VaR Model'!$G$21 -> -0.015036332 | F7: =IF(B7<E7,1,0) -> 0
A8: ='VaR Model'!C8 -> 44573 | B8: ='VaR Model'!D8 -> 0.0086542243 | C8: ='VaR Model'!$G$16 -> -0.021486123 | D8: =IF(B8<C8,1,0) -> 0 | E8: ='VaR Model'!$G$21 -> -0.015036332 | F8: =IF(B8<E8,1,0) -> 0 | H8: 95% VaR Breaches | I8: =F745 -> 35
A9: ='VaR Model'!C9 -> 44574 | B9: ='VaR Model'!D9 -> 0.0064392229 | C9: ='VaR Model'!$G$16 -> -0.021486123 | D9: =IF(B9<C9,1,0) -> 0 | E9: ='VaR Model'!$G$21 -> -0.015036332 | F9: =IF(B9<E9,1,0) -> 0 | H9: Expected Breaches | I9: =ROUND(COUNT(A2:A743)*0.05,0) -> 37
A10: ='VaR Model'!C10 -> 44575 | B10: ='VaR Model'!D10 -> 0.0049147912 | C10: ='VaR Model'!$G$16 -> -0.021486123 | D10: =IF(B10<C10,1,0) -> 0 | E10: ='VaR Model'!$G$21 -> -0.015036332 | F10: =IF(B10<E10,1,0) -> 0 | H10: Breach Ratio (95%) | I10: =I8/I2 -> 0.047169811
A11: ='VaR Model'!C11 -> 44578 | B11: ='VaR Model'!D11 -> 0.0062618284 | C11: ='VaR Model'!$G$16 -> -0.021486123 | D11: =IF(B11<C11,1,0) -> 0 | E11: ='VaR Model'!$G$21 -> -0.015036332 | F11: =IF(B11<E11,1,0) -> 0
A12: ='VaR Model'!C12 -> 44579 | B12: ='VaR Model'!D12 -> -0.0083013322 | C12: ='VaR Model'!$G$16 -> -0.021486123 | D12: =IF(B12<C12,1,0) -> 0 | E12: ='VaR Model'!$G$21 -> -0.015036332 | F12: =IF(B12<E12,1,0) -> 0 | H12: Model Accuracy Verdict | I12: =IF(I4<=I5,"✅ Accurate - Within Basel Limit","⚠️ Review Required - Exceeds Basel Limit") -> ⚠️ Review Required - Exceeds Basel Limit
A13: ='VaR Model'!C13 -> 44580 | B13: ='VaR Model'!D13 -> -0.013447475 | C13: ='VaR Model'!$G$16 -> -0.021486123 | D13: =IF(B13<C13,1,0) -> 0 | E13: ='VaR Model'!$G$21 -> -0.015036332 | F13: =IF(B13<E13,1,0) -> 0 | H13: 0.99
A14: ='VaR Model'!C14 -> 44581 | B14: ='VaR Model'!D14 -> -0.01383333 | C14: ='VaR Model'!$G$16 -> -0.021486123 | D14: =IF(B14<C14,1,0) -> 0 | E14: ='VaR Model'!$G$21 -> -0.015036332 | F14: =IF(B14<E14,1,0) -> 0
A15: ='VaR Model'!C15 -> 44582 | B15: ='VaR Model'!D15 -> -0.0068011825 | C15: ='VaR Model'!$G$16 -> -0.021486123 | D15: =IF(B15<C15,1,0) -> 0 | E15: ='VaR Model'!$G$21 -> -0.015036332 | F15: =IF(B15<E15,1,0) -> 0 | H15: Model Accuracy Verdict | I15: =IF(I8<=I9,"✅ Accurate - Within Basel Limit","⚠️ Review Required - Exceeds Basel Limit") -> ✅ Accurate - Within Basel Limit
A16: ='VaR Model'!C16 -> 44585 | B16: ='VaR Model'!D16 -> -0.023463704 | C16: ='VaR Model'!$G$16 -> -0.021486123 | D16: =IF(B16<C16,1,0) -> 1 | E16: ='VaR Model'!$G$21 -> -0.015036332 | F16: =IF(B16<E16,1,0) -> 1 | H16: 0.95
A17: ='VaR Model'!C17 -> 44586 | B17: ='VaR Model'!D17 -> 0.00098442817 | C17: ='VaR Model'!$G$16 -> -0.021486123 | D17: =IF(B17<C17,1,0) -> 0 | E17: ='VaR Model'!$G$21 -> -0.015036332 | F17: =IF(B17<E17,1,0) -> 0
A18: ='VaR Model'!C18 -> 44588 | B18: ='VaR Model'!D18 -> -0.016087481 | C18: ='VaR Model'!$G$16 -> -0.021486123 | D18: =IF(B18<C18,1,0) -> 0 | E18: ='VaR Model'!$G$21 -> -0.015036332 | F18: =IF(B18<E18,1,0) -> 1
A19: ='VaR Model'!C19 -> 44589 | B19: ='VaR Model'!D19 -> 0.0022844592 | C19: ='VaR Model'!$G$16 -> -0.021486123 | D19: =IF(B19<C19,1,0) -> 0 | E19: ='VaR Model'!$G$21 -> -0.015036332 | F19: =IF(B19<E19,1,0) -> 0
A20: ='VaR Model'!C20 -> 44592 | B20: ='VaR Model'!D20 -> 0.016956772 | C20: ='VaR Model'!$G$16 -> -0.021486123 | D20: =IF(B20<C20,1,0) -> 0 | E20: ='VaR Model'!$G$21 -> -0.015036332 | F20: =IF(B20<E20,1,0) -> 0
A21: ='VaR Model'!C21 -> 44593 | B21: ='VaR Model'!D21 -> 0.018962536 | C21: ='VaR Model'!$G$16 -> -0.021486123 | D21: =IF(B21<C21,1,0) -> 0 | E21: ='VaR Model'!$G$21 -> -0.015036332 | F21: =IF(B21<E21,1,0) -> 0
A22: ='VaR Model'!C22 -> 44594 | B22: ='VaR Model'!D22 -> 0.0096773006 | C22: ='VaR Model'!$G$16 -> -0.021486123 | D22: =IF(B22<C22,1,0) -> 0 | E22: ='VaR Model'!$G$21 -> -0.015036332 | F22: =IF(B22<E22,1,0) -> 0
A23: ='VaR Model'!C23 -> 44595 | B23: ='VaR Model'!D23 -> -0.0089667534 | C23: ='VaR Model'!$G$16 -> -0.021486123 | D23: =IF(B23<C23,1,0) -> 0 | E23: ='VaR Model'!$G$21 -> -0.015036332 | F23: =IF(B23<E23,1,0) -> 0
A24: ='VaR Model'!C24 -> 44596 | B24: ='VaR Model'!D24 -> -0.0031397812 | C24: ='VaR Model'!$G$16 -> -0.021486123 | D24: =IF(B24<C24,1,0) -> 0 | E24: ='VaR Model'!$G$21 -> -0.015036332 | F24: =IF(B24<E24,1,0) -> 0
A25: ='VaR Model'!C25 -> 44599 | B25: ='VaR Model'!D25 -> -0.014353066 | C25: ='VaR Model'!$G$16 -> -0.021486123 | D25: =IF(B25<C25,1,0) -> 0 | E25: ='VaR Model'!$G$21 -> -0.015036332 | F25: =IF(B25<E25,1,0) -> 0
A26: ='VaR Model'!C26 -> 44600 | B26: ='VaR Model'!D26 -> 0.004167163 | C26: ='VaR Model'!$G$16 -> -0.021486123 | D26: =IF(B26<C26,1,0) -> 0 | E26: ='VaR Model'!$G$21 -> -0.015036332 | F26: =IF(B26<E26,1,0) -> 0
A27: ='VaR Model'!C27 -> 44601 | B27: ='VaR Model'!D27 -> 0.0071729306 | C27: ='VaR Model'!$G$16 -> -0.021486123 | D27: =IF(B27<C27,1,0) -> 0 | E27: ='VaR Model'!$G$21 -> -0.015036332 | F27: =IF(B27<E27,1,0) -> 0
A28: ='VaR Model'!C28 -> 44602 | B28: ='VaR Model'!D28 -> 0.0064876384 | C28: ='VaR Model'!$G$16 -> -0.021486123 | D28: =IF(B28<C28,1,0) -> 0 | E28: ='VaR Model'!$G$21 -> -0.015036332 | F28: =IF(B28<E28,1,0) -> 0
... A743: ='VaR Model'!C743 -> 45657 | B743: ='VaR Model'!D743 -> -0.0043154649 | C743: ='VaR Model'!$G$16 -> -0.021486123 | D743: =IF(B743<C743,1,0) -> 0 | E743: ='VaR Model'!$G$21 -> -0.015036332 | F743: =IF(B743<E743,1,0) -> 0
C745: Total Breaches : | D745: =SUM(D2:D743) -> 10 | E745: Total Breaches : | F745: =SUM(F2:F743) -> 35

Sheet PBI data
A1: Date | B1: Portfolio Return | D1: Method VaR | E1: Value | J1: Date | K1: Portfolio Return | L1: 99% Breach | M1: 95% Breach
A2: ='VaR Model'!C2 -> 44565 | B2: ='VaR Model'!D2 -> 0.011182879 | D2: Historical Simulation 99 | E2: ='VaR Model'!G2 -> -0.024458932 | J2: ='VaR Model'!C2 -> 44565 | K2: ='VaR Model'!D2 -> 0.011182879 | L2: =Backtesting!D2 -> 0 | M2: =Backtesting!F2 -> 0
A3: ='VaR Model'!C3 -> 44566 | B3: ='VaR Model'!D3 -> -0.001951431 | D3: Historical Simulation 95 | F3: ='VaR Model'!G7 -> -0.014353066 | J3: ='VaR Model'!C3 -> 44566 | K3: ='VaR Model'!D3 -> -0.001951431 | L3: =Backtesting!D3 -> 0 | M3: =Backtesting!F3 -> 0
A4: ='VaR Model'!C4 -> 44567 | B4: ='VaR Model'!D4 -> -0.012517307 | D4: Variance-Covariance 99 | G4: ='VaR Model'!G16 -> -0.021486123 | J4: ='VaR Model'!C4 -> 44567 | K4: ='VaR Model'!D4 -> -0.012517307 | L4: =Backtesting!D4 -> 0 | M4: =Backtesting!F4 -> 0
A5: ='VaR Model'!C5 -> 44568 | B5: ='VaR Model'!D5 -> 0.0054297802 | D5: Variance-Covariance 95 | H5: ='VaR Model'!G21 -> -0.015036332 | J5: ='VaR Model'!C5 -> 44568 | K5: ='VaR Model'!D5 -> 0.0054297802 | L5: =Backtesting!D5 -> 0 | M5: =Backtesting!F5 -> 0
A6: ='VaR Model'!C6 -> 44571 | B6: ='VaR Model'!D6 -> 0.014307552 | J6: ='VaR Model'!C6 -> 44571 | K6: ='VaR Model'!D6 -> 0.014307552 | L6: =Backtesting!D6 -> 0 | M6: =Backtesting!F6 -> 0
A7: ='VaR Model'!C7 -> 44572 | B7: ='VaR Model'!D7 -> 0.0025708721 | J7: ='VaR Model'!C7 -> 44572 | K7: ='VaR Model'!D7 -> 0.0025708721 | L7: =Backtesting!D7 -> 0 | M7: =Backtesting!F7 -> 0
A8: ='VaR Model'!C8 -> 44573 | B8: ='VaR Model'!D8 -> 0.0086542243 | J8: ='VaR Model'!C8 -> 44573 | K8: ='VaR Model'!D8 -> 0.0086542243 | L8: =Backtesting!D8 -> 0 | M8: =Backtesting!F8 -> 0
A9: ='VaR Model'!C9 -> 44574 | B9: ='VaR Model'!D9 -> 0.0064392229 | J9: ='VaR Model'!C9 -> 44574 | K9: ='VaR Model'!D9 -> 0.0064392229 | L9: =Backtesting!D9 -> 0 | M9: =Backtesting!F9 -> 0
A10: ='VaR Model'!C10 -> 44575 | B10: ='VaR Model'!D10 -> 0.0049147912 | J10: ='VaR Model'!C10 -> 44575 | K10: ='VaR Model'!D10 -> 0.0049147912 | L10: =Backtesting!D10 -> 0 | M10: =Backtesting!F10 -> 0
A11: ='VaR Model'!C11 -> 44578 | B11: ='VaR Model'!D11 -> 0.0062618284 | J11: ='VaR Model'!C11 -> 44578 | K11: ='VaR Model'!D11 -> 0.0062618284 | L11: =Backtesting!D11 -> 0 | M11: =Backtesting!F11 -> 0
A12: ='VaR Model'!C12 -> 44579 | B12: ='VaR Model'!D12 -> -0.0083013322 | J12: ='VaR Model'!C12 -> 44579 | K12: ='VaR Model'!D12 -> -0.0083013322 | L12: =Backtesting!D12 -> 0 | M12: =Backtesting!F12 -> 0
A13: ='VaR Model'!C13 -> 44580 | B13: ='VaR Model'!D13 -> -0.013447475 | J13: ='VaR Model'!C13 -> 44580 | K13: ='VaR Model'!D13 -> -0.013447475 | L13: =Backtesting!D13 -> 0 | M13: =Backtesting!F13 -> 0
A14: ='VaR Model'!C14 -> 44581 | B14: ='VaR Model'!D14 -> -0.01383333 | J14: ='VaR Model'!C14 -> 44581 | K14: ='VaR Model'!D14 -> -0.01383333 | L14: =Backtesting!D14 -> 0 | M14: =Backtesting!F14 -> 0
A15: ='VaR Model'!C15 -> 44582 | B15: ='VaR Model'!D15 -> -0.0068011825 | J15: ='VaR Model'!C15 -> 44582 | K15: ='VaR Model'!D15 -> -0.0068011825 | L15: =Backtesting!D15 -> 0 | M15: =Backtesting!F15 -> 0
A16: ='VaR Model'!C16 -> 44585 | B16: ='VaR Model'!D16 -> -0.023463704 | J16: ='VaR Model'!C16 -> 44585 | K16: ='VaR Model'!D16 -> -0.023463704 | L16: =Backtesting!D16 -> 1 | M16: =Backtesting!F16 -> 1
A17: ='VaR Model'!C17 -> 44586 | B17: ='VaR Model'!D17 -> 0.00098442817 | J17: ='VaR Model'!C17 -> 44586 | K17: ='VaR Model'!D17 -> 0.00098442817 | L17: =Backtesting!D17 -> 0 | M17: =Backtesting!F17 -> 0
... A743: ='VaR Model'!C743 -> 45657 | B743: ='VaR Model'!D743 -> -0.0043154649 | J743: ='VaR Model'!C743 -> 45657 | K743: ='VaR Model'!D743 -> -0.0043154649 | L743: =Backtesting!D743 -> 0 | M743: =Backtesting!F743 -> 0
